{
    "level_scale": [
        10,
        1,
        1,
        1,
        0.1
    ],
    "layer_config": [
        [
            {
                "name": "sea",
                "style": 2,
                "source": "land",
                "type": 1,
                "lvl": 0,
                "mvl": 999
            },
            {
                "name": "admin",
                "style": 4,
                "source": "SIDOL",
                "type": 8,
                "lvl": 0,
                "mvl": 999
            },
            {
                "name": "road",
                "style": 3,
                "source": "cmm_vdszone1",
                "type": 16,
                "lvl": 0,
                "mvl": 999
            },
            {
                "name": "roadnumber",
                "style": 1000,
                "source": "roadnumber1",
                "type": 5,
                "lvl": 0,
                "mvl": 999
            },
            {
                "name": "junction",
                "style": 1001,
                "source": "JCT",
                "type": 5,
                "lvl": 0,
                "mvl": 999
            },
            {
                "name": "ic",
                "style": 1002,
                "source": "IC",
                "type": 5,
                "lvl": 0,
                "mvl": 999
            }
        ],
        [
            {
                "name": "land",
                "style": 2,
                "source": "land",
                "type": 1,
                "lvl": 0,
                "mvl": 999
            },
            {
                "name": "admin",
                "style": 4,
                "source": "SIDOL",
                "type": 8,
                "lvl": 0,
                "mvl": 999
            },
            {
                "name": "road",
                "style": 3,
                "source": "cmm_vdszone1",
                "type": 16,
                "lvl": 0,
                "mvl": 999
            },
            {
                "name": "roadnumber",
                "style": 1000,
                "source": "roadnumber1",
                "type": 5,
                "lvl": 0,
                "mvl": 999
            },
            {
                "name": "junction",
                "style": 1001,
                "source": "JCT",
                "type": 5,
                "lvl": 0,
                "mvl": 999
            },
            {
                "name": "ic",
                "style": 1002,
                "source": "IC",
                "type": 5,
                "lvl": 0,
                "mvl": 999
            }
        ],
        [
            {
                "name": "land",
                "style": 2,
                "source": "land",
                "type": 1,
                "lvl": 0,
                "mvl": 999
            },
            {
                "name": "river",
                "style": 5,
                "source": "river",
                "type": 1,
                "lvl": 0,
                "mvl": 999
            },
            {
                "name": "admin",
                "style": 4,
                "source": "SIDOL",
                "type": 8,
                "lvl": 0,
                "mvl": 999
            },
            {
                "name": "특광역시_일반시",
                "style": 1004,
                "source": "cityname1",
                "type": 5,
                "lvl": 0,
                "mvl": 999
            },
            {
                "name": "bypass1",
                "style": 3,
                "source": "bypass1",
                "type": 16,
                "lvl": 0,
                "mvl": 999
            },
            {
                "name": "cmm_route1",
                "style": 3,
                "source": "cmm_route1",
                "type": 16,
                "lvl": 0,
                "mvl": 999
            },
            {
                "name": "road_vdszone1_내부",
                "style": 3,
                "source": "cmm_vdszone1",
                "type": 16,
                "lvl": 0,
                "mvl": 999
            },
            {
                "name": "road_vdszone1_외곽",
                "style": 3,
                "source": "cmm_vdszone1_35m",
                "type": 16,
                "lvl": 0,
                "mvl": 999
            },
            {
                "name": "졸음쉼터",
                "style": 1003,
                "source": "restarea",
                "type": 5,
                "lvl": 0,
                "mvl": 999
            },
            {
                "name": "roadnumber",
                "style": 1000,
                "source": "roadnumber1",
                "type": 5,
                "lvl": 0,
                "mvl": 999
            },
            {
                "name": "junction",
                "style": 1001,
                "source": "JCT",
                "type": 5,
                "lvl": 0,
                "mvl": 999
            },
            {
                "name": "ic",
                "style": 1002,
                "source": "IC",
                "type": 5,
                "lvl": 0,
                "mvl": 999
            },
            {
                "name": "서울요금소",
                "style": 1005,
                "source": "seoul_TG",
                "type": 5,
                "lvl": 0,
                "mvl": 999
            },
            {
                "name": "EX_Map",
                "style": 1006,
                "source": "EX_Map",
                "type": 5,
                "lvl": 0,
                "mvl": 999
            }
        ],
        [
            {
                "name": "land",
                "style": 2,
                "source": "land",
                "type": 1,
                "lvl": 0,
                "mvl": 999
            },
            {
                "name": "river",
                "style": 5,
                "source": "river",
                "type": 1,
                "lvl": 0,
                "mvl": 999
            },
            {
                "name": "admin",
                "style": 4,
                "source": "SIDOL",
                "type": 8,
                "lvl": 0,
                "mvl": 999
            },
            {
                "name": "특광역시_일반시",
                "style": 1004,
                "source": "cityname1",
                "type": 5,
                "lvl": 0,
                "mvl": 999
            },
            {
                "name": "bypass1",
                "style": 3,
                "source": "bypass1",
                "type": 16,
                "lvl": 0,
                "mvl": 999
            },
            {
                "name": "cmm_route1",
                "style": 3,
                "source": "cmm_route1",
                "type": 16,
                "lvl": 0,
                "mvl": 999
            },
            {
                "name": "road_conzone1_내부",
                "style": 3,
                "source": "cmm_conzone1",
                "type": 16,
                "lvl": 0,
                "mvl": 999
            },
            {
                "name": "road_conzone1_외곽",
                "style": 3,
                "source": "cmm_conzone1_35m",
                "type": 16,
                "lvl": 0,
                "mvl": 999
            },
            {
                "name": "roadnumber",
                "style": 1000,
                "source": "roadnumber1",
                "type": 5,
                "lvl": 0,
                "mvl": 999
            },
            {
                "name": "junction",
                "style": 1001,
                "source": "JCT",
                "type": 5,
                "lvl": 0,
                "mvl": 999
            },
            {
                "name": "ic",
                "style": 1002,
                "source": "IC",
                "type": 5,
                "lvl": 0,
                "mvl": 999
            },
            {
                "name": "서울요금소",
                "style": 1005,
                "source": "seoul_TG",
                "type": 5,
                "lvl": 0,
                "mvl": 999
            },
            {
                "name": "EX_Map",
                "style": 1006,
                "source": "EX_Map",
                "type": 5,
                "lvl": 0,
                "mvl": 999
            }
        ],
        [
            {
                "name": "land",
                "style": 2,
                "source": "land",
                "type": 1,
                "lvl": 0,
                "mvl": 999
            },
            {
                "name": "river",
                "style": 5,
                "source": "river",
                "type": 1,
                "lvl": 0,
                "mvl": 999
            },
            {
                "name": "admin",
                "style": 4,
                "source": "SIDOL",
                "type": 8,
                "lvl": 0,
                "mvl": 999
            },
            {
                "name": "특광역시_일반시",
                "style": 1004,
                "source": "cityname",
                "type": 5,
                "lvl": 0,
                "mvl": 999
            },
            {
                "name": "cmm_route1",
                "style": 3,
                "source": "cmm_route1",
                "type": 16,
                "lvl": 0,
                "mvl": 999
            },
            {
                "name": "road_conzone_내부",
                "style": 3,
                "source": "cmm_conzone",
                "type": 16,
                "lvl": 0,
                "mvl": 999
            },
            {
                "name": "road_conzone_외곽",
                "style": 3,
                "source": "cmm_conzone_70m",
                "type": 16,
                "lvl": 0,
                "mvl": 999
            },
            {
                "name": "roadnumber",
                "style": 1000,
                "source": "roadnumber1",
                "type": 5,
                "lvl": 0,
                "mvl": 999
            },
            {
                "name": "junction",
                "style": 1001,
                "source": "JCT",
                "type": 5,
                "lvl": 0,
                "mvl": 999
            },
            {
                "name": "서울요금소",
                "style": 1005,
                "source": "seoul_TG",
                "type": 5,
                "lvl": 0,
                "mvl": 999
            },
            {
                "name": "EX_Map",
                "style": 1006,
                "source": "EX_Map",
                "type": 5,
                "lvl": 0,
                "mvl": 999
            }
        ]
    ],
    "level_count": 5,
    "tile_size": [
        1000,
        2000,
        16000,
        64000,
        256000
    ]
}