{
    "level_count": 5,
    "layer_config": [
        [
            {
                "source": "land",
                "name": "sea",
                "style": 2,
                "type": 1,
                "mvl": 999,
                "lvl": 0
            },
            {
                "source": "SIDOL",
                "name": "admin",
                "style": 4,
                "type": 8,
                "mvl": 999,
                "lvl": 0
            },
            {
                "source": "cmm_vdszone1",
                "name": "road",
                "style": 3,
                "type": 16,
                "mvl": 999,
                "lvl": 0
            },
            {
                "source": "roadnumber1",
                "name": "roadnumber",
                "style": 1000,
                "type": 5,
                "mvl": 999,
                "lvl": 0
            },
            {
                "source": "JCT",
                "name": "junction",
                "style": 1001,
                "type": 5,
                "mvl": 999,
                "lvl": 0
            },
            {
                "source": "IC",
                "name": "ic",
                "style": 1002,
                "type": 5,
                "mvl": 999,
                "lvl": 0
            }
        ],
        [
            {
                "source": "land",
                "name": "land",
                "style": 2,
                "type": 1,
                "mvl": 999,
                "lvl": 0
            },
            {
                "source": "SIDOL",
                "name": "admin",
                "style": 4,
                "type": 8,
                "mvl": 999,
                "lvl": 0
            },
            {
                "source": "cmm_vdszone1",
                "name": "road",
                "style": 3,
                "type": 16,
                "mvl": 999,
                "lvl": 0
            },
            {
                "source": "roadnumber1",
                "name": "roadnumber",
                "style": 1000,
                "type": 5,
                "mvl": 999,
                "lvl": 0
            },
            {
                "source": "JCT",
                "name": "junction",
                "style": 1001,
                "type": 5,
                "mvl": 999,
                "lvl": 0
            },
            {
                "source": "IC",
                "name": "ic",
                "style": 1002,
                "type": 5,
                "mvl": 999,
                "lvl": 0
            }
        ],
        [
            {
                "source": "land",
                "name": "land",
                "style": 2,
                "type": 1,
                "mvl": 999,
                "lvl": 0
            },
            {
                "source": "river",
                "name": "river",
                "style": 5,
                "type": 1,
                "mvl": 999,
                "lvl": 0
            },
            {
                "source": "contr",
                "name": "contour_100_200",
                "style": 6,
                "type": 1,
                "mvl": 999,
                "lvl": 0
            },
            {
                "source": "contr",
                "name": "contour_300_400",
                "style": 7,
                "type": 1,
                "mvl": 999,
                "lvl": 0
            },
            {
                "source": "contr",
                "name": "contour_500_over",
                "style": 8,
                "type": 1,
                "mvl": 999,
                "lvl": 0
            },
            {
                "source": "SIDOL",
                "name": "admin",
                "style": 4,
                "type": 8,
                "mvl": 999,
                "lvl": 0
            },
            {
                "source": "cmm_vdszone1",
                "name": "road_vdszone1",
                "style": 3,
                "type": 16,
                "mvl": 999,
                "lvl": 0
            },
            {
                "source": "RN",
                "name": "roadnumber",
                "style": 1000,
                "type": 5,
                "mvl": 999,
                "lvl": 0
            },
            {
                "source": "JCT",
                "name": "junction",
                "style": 1001,
                "type": 5,
                "mvl": 999,
                "lvl": 0
            },
            {
                "source": "IC",
                "name": "ic",
                "style": 1002,
                "type": 5,
                "mvl": 999,
                "lvl": 0
            }
        ],
        [
            {
                "source": "land",
                "name": "land",
                "style": 2,
                "type": 1,
                "mvl": 999,
                "lvl": 0
            },
            {
                "source": "river",
                "name": "river",
                "style": 5,
                "type": 1,
                "mvl": 999,
                "lvl": 0
            },
            {
                "source": "contr",
                "name": "contour_100_200",
                "style": 6,
                "type": 1,
                "mvl": 999,
                "lvl": 0
            },
            {
                "source": "contr",
                "name": "contour_300_400",
                "style": 7,
                "type": 1,
                "mvl": 999,
                "lvl": 0
            },
            {
                "source": "contr",
                "name": "contour_500_over",
                "style": 8,
                "type": 1,
                "mvl": 999,
                "lvl": 0
            },
            {
                "source": "SIDOL",
                "name": "admin",
                "style": 4,
                "type": 8,
                "mvl": 999,
                "lvl": 0
            },
            {
                "source": "cmm_conzone1",
                "name": "road_conzone1",
                "style": 3,
                "type": 16,
                "mvl": 999,
                "lvl": 0
            },
            {
                "source": "RN",
                "name": "roadnumber",
                "style": 1000,
                "type": 5,
                "mvl": 999,
                "lvl": 0
            },
            {
                "source": "JCT",
                "name": "junction",
                "style": 1001,
                "type": 5,
                "mvl": 999,
                "lvl": 0
            },
            {
                "source": "IC",
                "name": "ic",
                "style": 1002,
                "type": 5,
                "mvl": 999,
                "lvl": 0
            }
        ],
        [
            {
                "source": "land",
                "name": "land",
                "style": 2,
                "type": 1,
                "mvl": 999,
                "lvl": 0
            },
            {
                "source": "river",
                "name": "river",
                "style": 5,
                "type": 1,
                "mvl": 999,
                "lvl": 0
            },
            {
                "source": "contr",
                "name": "contour_100_200",
                "style": 6,
                "type": 1,
                "mvl": 999,
                "lvl": 0
            },
            {
                "source": "contr",
                "name": "contour_300_400",
                "style": 7,
                "type": 1,
                "mvl": 999,
                "lvl": 0
            },
            {
                "source": "contr",
                "name": "contour_500_over",
                "style": 8,
                "type": 1,
                "mvl": 999,
                "lvl": 0
            },
            {
                "source": "SIDOL",
                "name": "admin",
                "style": 4,
                "type": 8,
                "mvl": 999,
                "lvl": 0
            },
            {
                "source": "cmm_conzone",
                "name": "road_conzone1",
                "style": 3,
                "type": 16,
                "mvl": 999,
                "lvl": 0
            },
            {
                "source": "cmm_conzone_line",
                "name": "road_conzone1_line",
                "style": 5000,
                "type": 8,
                "mvl": 999,
                "lvl": 0
            },
            {
                "source": "RN",
                "name": "roadnumber",
                "style": 1000,
                "type": 5,
                "mvl": 999,
                "lvl": 0
            },
            {
                "source": "JCT",
                "name": "junction",
                "style": 1001,
                "type": 5,
                "mvl": 999,
                "lvl": 0
            },
            {
                "source": "IC",
                "name": "ic",
                "style": 1002,
                "type": 5,
                "mvl": 999,
                "lvl": 0
            }
        ]
    ],
    "tile_size": [
        1000,
        2000,
        16000,
        64000,
        256000
    ],
    "level_scale": [
        10,
        1,
        1,
        1,
        0.1
    ]
}