{
    "level_count": 5,
    "tile_size": [
        1000,
        2000,
        16000,
        64000,
        256000
    ],
    "level_scale": [
        10,
        1,
        1,
        1,
        0.1
    ],
    "layer_config": [
        [
            {
                "mvl": 999,
                "lvl": 0,
                "name": "sea",
                "source": "land",
                "style": 2,
                "type": 1
            },
            {
                "mvl": 999,
                "lvl": 0,
                "name": "admin",
                "source": "SIDOL",
                "style": 4,
                "type": 8
            },
            {
                "mvl": 999,
                "lvl": 0,
                "name": "road",
                "source": "cmm_vdszone1",
                "style": 3,
                "type": 16
            },
            {
                "mvl": 999,
                "lvl": 0,
                "name": "roadnumber",
                "source": "roadnumber1",
                "style": 1000,
                "type": 5
            },
            {
                "mvl": 999,
                "lvl": 0,
                "name": "junction",
                "source": "JCT",
                "style": 1001,
                "type": 5
            },
            {
                "mvl": 999,
                "lvl": 0,
                "name": "ic",
                "source": "IC",
                "style": 1002,
                "type": 5
            }
        ],
        [
            {
                "mvl": 999,
                "lvl": 0,
                "name": "land",
                "source": "land",
                "style": 2,
                "type": 1
            },
            {
                "mvl": 999,
                "lvl": 0,
                "name": "admin",
                "source": "SIDOL",
                "style": 4,
                "type": 8
            },
            {
                "mvl": 999,
                "lvl": 0,
                "name": "road",
                "source": "cmm_vdszone1",
                "style": 3,
                "type": 16
            },
            {
                "mvl": 999,
                "lvl": 0,
                "name": "roadnumber",
                "source": "roadnumber1",
                "style": 1000,
                "type": 5
            },
            {
                "mvl": 999,
                "lvl": 0,
                "name": "junction",
                "source": "JCT",
                "style": 1001,
                "type": 5
            },
            {
                "mvl": 999,
                "lvl": 0,
                "name": "ic",
                "source": "IC",
                "style": 1002,
                "type": 5
            }
        ],
        [
            {
                "mvl": 999,
                "lvl": 0,
                "name": "land",
                "source": "land",
                "style": 2,
                "type": 1
            },
            {
                "mvl": 999,
                "lvl": 0,
                "name": "river",
                "source": "river",
                "style": 5,
                "type": 1
            },
            {
                "mvl": 999,
                "lvl": 0,
                "name": "contour_100_200",
                "source": "contr",
                "style": 6,
                "type": 1
            },
            {
                "mvl": 999,
                "lvl": 0,
                "name": "contour_300_400",
                "source": "contr",
                "style": 7,
                "type": 1
            },
            {
                "mvl": 999,
                "lvl": 0,
                "name": "contour_500_over",
                "source": "contr",
                "style": 8,
                "type": 1
            },
            {
                "mvl": 999,
                "lvl": 0,
                "name": "admin",
                "source": "SIDOL",
                "style": 4,
                "type": 8
            },
            {
                "mvl": 999,
                "lvl": 0,
                "name": "road_bypass",
                "source": "bypass",
                "style": 3,
                "type": 16
            },
            {
                "mvl": 999,
                "lvl": 0,
                "name": "road_route1",
                "source": "cmm_route1",
                "style": 3,
                "type": 16
            },
            {
                "mvl": 999,
                "lvl": 0,
                "name": "road_vdszone1",
                "source": "cmm_vdszone1",
                "style": 3,
                "type": 16
            },
            {
                "mvl": 999,
                "lvl": 0,
                "name": "roadnumber",
                "source": "RN",
                "style": 1000,
                "type": 5
            },
            {
                "mvl": 999,
                "lvl": 0,
                "name": "junction",
                "source": "JCT",
                "style": 1001,
                "type": 5
            },
            {
                "mvl": 999,
                "lvl": 0,
                "name": "ic",
                "source": "IC",
                "style": 1002,
                "type": 5
            }
        ],
        [
            {
                "mvl": 999,
                "lvl": 0,
                "name": "land",
                "source": "land",
                "style": 2,
                "type": 1
            },
            {
                "mvl": 999,
                "lvl": 0,
                "name": "river",
                "source": "river",
                "style": 5,
                "type": 1
            },
            {
                "mvl": 999,
                "lvl": 0,
                "name": "contour_100_200",
                "source": "contr",
                "style": 6,
                "type": 1
            },
            {
                "mvl": 999,
                "lvl": 0,
                "name": "contour_300_400",
                "source": "contr",
                "style": 7,
                "type": 1
            },
            {
                "mvl": 999,
                "lvl": 0,
                "name": "contour_500_over",
                "source": "contr",
                "style": 8,
                "type": 1
            },
            {
                "mvl": 999,
                "lvl": 0,
                "name": "admin",
                "source": "SIDOL",
                "style": 4,
                "type": 8
            },
            {
                "mvl": 999,
                "lvl": 0,
                "name": "road_bypass",
                "source": "bypass",
                "style": 3,
                "type": 16
            },
            {
                "mvl": 999,
                "lvl": 0,
                "name": "road_route1",
                "source": "cmm_route1",
                "style": 3,
                "type": 16
            },
            {
                "mvl": 999,
                "lvl": 0,
                "name": "road_conzone1",
                "source": "cmm_conzone1",
                "style": 3,
                "type": 16
            },
            {
                "mvl": 999,
                "lvl": 0,
                "name": "roadnumber",
                "source": "RN",
                "style": 1000,
                "type": 5
            },
            {
                "mvl": 999,
                "lvl": 0,
                "name": "junction",
                "source": "JCT",
                "style": 1001,
                "type": 5
            },
            {
                "mvl": 999,
                "lvl": 0,
                "name": "ic",
                "source": "IC",
                "style": 1002,
                "type": 5
            }
        ],
        [
            {
                "mvl": 999,
                "lvl": 0,
                "name": "land",
                "source": "land",
                "style": 2,
                "type": 1
            },
            {
                "mvl": 999,
                "lvl": 0,
                "name": "river",
                "source": "river",
                "style": 5,
                "type": 1
            },
            {
                "mvl": 999,
                "lvl": 0,
                "name": "contour_100_200",
                "source": "contr",
                "style": 6,
                "type": 1
            },
            {
                "mvl": 999,
                "lvl": 0,
                "name": "contour_300_400",
                "source": "contr",
                "style": 7,
                "type": 1
            },
            {
                "mvl": 999,
                "lvl": 0,
                "name": "contour_500_over",
                "source": "contr",
                "style": 8,
                "type": 1
            },
            {
                "mvl": 999,
                "lvl": 0,
                "name": "admin",
                "source": "SIDOL",
                "style": 4,
                "type": 8
            },
            {
                "mvl": 999,
                "lvl": 0,
                "name": "road_route1",
                "source": "cmm_route1",
                "style": 3,
                "type": 16
            },
            {
                "mvl": 999,
                "lvl": 0,
                "name": "road_conzone1",
                "source": "cmm_conzone",
                "style": 3,
                "type": 16
            },
            {
                "mvl": 999,
                "lvl": 0,
                "name": "roadnumber",
                "source": "RN",
                "style": 1000,
                "type": 5
            },
            {
                "mvl": 999,
                "lvl": 0,
                "name": "junction",
                "source": "JCT",
                "style": 1001,
                "type": 5
            },
            {
                "mvl": 999,
                "lvl": 0,
                "name": "ic",
                "source": "IC",
                "style": 1002,
                "type": 5
            }
        ]
    ]
}