{
    "level_scale": [
        10,
        1,
        1,
        1,
        0.1
    ],
    "tile_size": [
        1000,
        2000,
        16000,
        64000,
        256000
    ],
    "level_count": 5,
    "layer_config": [
        [
            {
                "source": "land",
                "type": 1,
                "lvl": 0,
                "mvl": 999,
                "style": 2,
                "name": "sea"
            },
            {
                "source": "SIDOL",
                "type": 8,
                "lvl": 0,
                "mvl": 999,
                "style": 4,
                "name": "admin"
            },
            {
                "source": "cmm_vdszone1",
                "type": 16,
                "lvl": 0,
                "mvl": 999,
                "style": 3,
                "name": "road"
            },
            {
                "source": "roadnumber1",
                "type": 5,
                "lvl": 0,
                "mvl": 999,
                "style": 1000,
                "name": "roadnumber"
            },
            {
                "source": "JCT",
                "type": 5,
                "lvl": 0,
                "mvl": 999,
                "style": 1001,
                "name": "junction"
            },
            {
                "source": "IC",
                "type": 5,
                "lvl": 0,
                "mvl": 999,
                "style": 1002,
                "name": "ic"
            }
        ],
        [
            {
                "source": "land",
                "type": 1,
                "lvl": 0,
                "mvl": 999,
                "style": 2,
                "name": "land"
            },
            {
                "source": "SIDOL",
                "type": 8,
                "lvl": 0,
                "mvl": 999,
                "style": 4,
                "name": "admin"
            },
            {
                "source": "cmm_vdszone1",
                "type": 16,
                "lvl": 0,
                "mvl": 999,
                "style": 3,
                "name": "road"
            },
            {
                "source": "roadnumber1",
                "type": 5,
                "lvl": 0,
                "mvl": 999,
                "style": 1000,
                "name": "roadnumber"
            },
            {
                "source": "JCT",
                "type": 5,
                "lvl": 0,
                "mvl": 999,
                "style": 1001,
                "name": "junction"
            },
            {
                "source": "IC",
                "type": 5,
                "lvl": 0,
                "mvl": 999,
                "style": 1002,
                "name": "ic"
            }
        ],
        [
            {
                "source": "land",
                "type": 1,
                "lvl": 0,
                "mvl": 999,
                "style": 2,
                "name": "land"
            },
            {
                "source": "river",
                "type": 1,
                "lvl": 0,
                "mvl": 999,
                "style": 5,
                "name": "river"
            },
            {
                "source": "contr",
                "type": 1,
                "lvl": 0,
                "mvl": 999,
                "style": 6,
                "name": "contour_100_200"
            },
            {
                "source": "contr",
                "type": 1,
                "lvl": 0,
                "mvl": 999,
                "style": 7,
                "name": "contour_300_400"
            },
            {
                "source": "contr",
                "type": 1,
                "lvl": 0,
                "mvl": 999,
                "style": 8,
                "name": "contour_500_over"
            },
            {
                "source": "SIDOL",
                "type": 8,
                "lvl": 0,
                "mvl": 999,
                "style": 4,
                "name": "admin"
            },
            {
                "source": "bypass",
                "type": 16,
                "lvl": 0,
                "mvl": 999,
                "style": 3,
                "name": "road_bypass"
            },
            {
                "source": "cmm_route1",
                "type": 16,
                "lvl": 0,
                "mvl": 999,
                "style": 3,
                "name": "road_route1"
            },
            {
                "source": "cmm_vdszone1",
                "type": 16,
                "lvl": 0,
                "mvl": 999,
                "style": 3,
                "name": "road_vdszone1"
            },
            {
                "source": "RN",
                "type": 5,
                "lvl": 0,
                "mvl": 999,
                "style": 1000,
                "name": "roadnumber"
            },
            {
                "source": "JCT",
                "type": 5,
                "lvl": 0,
                "mvl": 999,
                "style": 1001,
                "name": "junction"
            },
            {
                "source": "IC",
                "type": 5,
                "lvl": 0,
                "mvl": 999,
                "style": 1002,
                "name": "ic"
            }
        ],
        [
            {
                "source": "land",
                "type": 1,
                "lvl": 0,
                "mvl": 999,
                "style": 2,
                "name": "land"
            },
            {
                "source": "river",
                "type": 1,
                "lvl": 0,
                "mvl": 999,
                "style": 5,
                "name": "river"
            },
            {
                "source": "contr",
                "type": 1,
                "lvl": 0,
                "mvl": 999,
                "style": 6,
                "name": "contour_100_200"
            },
            {
                "source": "contr",
                "type": 1,
                "lvl": 0,
                "mvl": 999,
                "style": 7,
                "name": "contour_300_400"
            },
            {
                "source": "contr",
                "type": 1,
                "lvl": 0,
                "mvl": 999,
                "style": 8,
                "name": "contour_500_over"
            },
            {
                "source": "SIDOL",
                "type": 8,
                "lvl": 0,
                "mvl": 999,
                "style": 4,
                "name": "admin"
            },
            {
                "source": "bypass",
                "type": 16,
                "lvl": 0,
                "mvl": 999,
                "style": 3,
                "name": "road_bypass"
            },
            {
                "source": "cmm_route1",
                "type": 16,
                "lvl": 0,
                "mvl": 999,
                "style": 3,
                "name": "road_route1"
            },
            {
                "source": "cmm_conzone1",
                "type": 16,
                "lvl": 0,
                "mvl": 999,
                "style": 3,
                "name": "road_conzone1"
            },
            {
                "source": "RN",
                "type": 5,
                "lvl": 0,
                "mvl": 999,
                "style": 1000,
                "name": "roadnumber"
            },
            {
                "source": "JCT",
                "type": 5,
                "lvl": 0,
                "mvl": 999,
                "style": 1001,
                "name": "junction"
            },
            {
                "source": "IC",
                "type": 5,
                "lvl": 0,
                "mvl": 999,
                "style": 1002,
                "name": "ic"
            }
        ],
        [
            {
                "source": "land",
                "type": 1,
                "lvl": 0,
                "mvl": 999,
                "style": 2,
                "name": "land"
            },
            {
                "source": "river",
                "type": 1,
                "lvl": 0,
                "mvl": 999,
                "style": 5,
                "name": "river"
            },
            {
                "source": "contr",
                "type": 1,
                "lvl": 0,
                "mvl": 999,
                "style": 6,
                "name": "contour_100_200"
            },
            {
                "source": "contr",
                "type": 1,
                "lvl": 0,
                "mvl": 999,
                "style": 7,
                "name": "contour_300_400"
            },
            {
                "source": "contr",
                "type": 1,
                "lvl": 0,
                "mvl": 999,
                "style": 8,
                "name": "contour_500_over"
            },
            {
                "source": "SIDOL",
                "type": 8,
                "lvl": 0,
                "mvl": 999,
                "style": 4,
                "name": "admin"
            },
            {
                "source": "cmm_route1",
                "type": 16,
                "lvl": 0,
                "mvl": 999,
                "style": 3,
                "name": "road_route1"
            },
            {
                "source": "cmm_conzone",
                "type": 16,
                "lvl": 0,
                "mvl": 999,
                "style": 3,
                "name": "road_conzone1"
            },
            {
                "source": "RN",
                "type": 5,
                "lvl": 0,
                "mvl": 999,
                "style": 1000,
                "name": "roadnumber"
            },
            {
                "source": "JCT",
                "type": 5,
                "lvl": 0,
                "mvl": 999,
                "style": 1001,
                "name": "junction"
            },
            {
                "source": "IC",
                "type": 5,
                "lvl": 0,
                "mvl": 999,
                "style": 1002,
                "name": "ic"
            }
        ]
    ]
}