{
    "level_scale": [
        10,
        1,
        1,
        1,
        0.1
    ],
    "level_count": 5,
    "layer_config": [
        [
            {
                "mvl": 999,
                "lvl": 0,
                "type": 1,
                "name": "sea",
                "style": 2,
                "source": "land"
            },
            {
                "mvl": 999,
                "lvl": 0,
                "type": 8,
                "name": "admin",
                "style": 4,
                "source": "SIDOL"
            },
            {
                "mvl": 999,
                "lvl": 0,
                "type": 16,
                "name": "road",
                "style": 3,
                "source": "cmm_vdszone1"
            },
            {
                "mvl": 999,
                "lvl": 0,
                "type": 5,
                "name": "roadnumber",
                "style": 1000,
                "source": "roadnumber1"
            },
            {
                "mvl": 999,
                "lvl": 0,
                "type": 5,
                "name": "junction",
                "style": 1001,
                "source": "JCT"
            },
            {
                "mvl": 999,
                "lvl": 0,
                "type": 5,
                "name": "ic",
                "style": 1002,
                "source": "IC"
            }
        ],
        [
            {
                "mvl": 999,
                "lvl": 0,
                "type": 1,
                "name": "land",
                "style": 2,
                "source": "land"
            },
            {
                "mvl": 999,
                "lvl": 0,
                "type": 8,
                "name": "admin",
                "style": 4,
                "source": "SIDOL"
            },
            {
                "mvl": 999,
                "lvl": 0,
                "type": 16,
                "name": "road",
                "style": 3,
                "source": "cmm_vdszone1"
            },
            {
                "mvl": 999,
                "lvl": 0,
                "type": 5,
                "name": "roadnumber",
                "style": 1000,
                "source": "roadnumber1"
            },
            {
                "mvl": 999,
                "lvl": 0,
                "type": 5,
                "name": "junction",
                "style": 1001,
                "source": "JCT"
            },
            {
                "mvl": 999,
                "lvl": 0,
                "type": 5,
                "name": "ic",
                "style": 1002,
                "source": "IC"
            }
        ],
        [
            {
                "mvl": 999,
                "lvl": 0,
                "type": 1,
                "name": "land",
                "style": 2,
                "source": "land"
            },
            {
                "mvl": 999,
                "lvl": 0,
                "type": 1,
                "name": "river",
                "style": 5,
                "source": "river"
            },
            {
                "mvl": 999,
                "lvl": 0,
                "type": 1,
                "name": "contour_100_200",
                "style": 6,
                "source": "contr"
            },
            {
                "mvl": 999,
                "lvl": 0,
                "type": 1,
                "name": "contour_300_400",
                "style": 7,
                "source": "contr"
            },
            {
                "mvl": 999,
                "lvl": 0,
                "type": 1,
                "name": "contour_500_over",
                "style": 8,
                "source": "contr"
            },
            {
                "mvl": 999,
                "lvl": 0,
                "type": 8,
                "name": "admin",
                "style": 4,
                "source": "SIDOL"
            },
            {
                "mvl": 999,
                "lvl": 0,
                "type": 16,
                "name": "road_vdszone1",
                "style": 3,
                "source": "cmm_vdszone1"
            },
            {
                "mvl": 999,
                "lvl": 0,
                "type": 5,
                "name": "roadnumber",
                "style": 1000,
                "source": "RN"
            },
            {
                "mvl": 999,
                "lvl": 0,
                "type": 5,
                "name": "junction",
                "style": 1001,
                "source": "JCT"
            },
            {
                "mvl": 999,
                "lvl": 0,
                "type": 5,
                "name": "ic",
                "style": 1002,
                "source": "IC"
            }
        ],
        [
            {
                "mvl": 999,
                "lvl": 0,
                "type": 1,
                "name": "land",
                "style": 2,
                "source": "land"
            },
            {
                "mvl": 999,
                "lvl": 0,
                "type": 1,
                "name": "river",
                "style": 5,
                "source": "river"
            },
            {
                "mvl": 999,
                "lvl": 0,
                "type": 1,
                "name": "contour_100_200",
                "style": 6,
                "source": "contr"
            },
            {
                "mvl": 999,
                "lvl": 0,
                "type": 1,
                "name": "contour_300_400",
                "style": 7,
                "source": "contr"
            },
            {
                "mvl": 999,
                "lvl": 0,
                "type": 1,
                "name": "contour_500_over",
                "style": 8,
                "source": "contr"
            },
            {
                "mvl": 999,
                "lvl": 0,
                "type": 8,
                "name": "admin",
                "style": 4,
                "source": "SIDOL"
            },
            {
                "mvl": 999,
                "lvl": 0,
                "type": 16,
                "name": "road_conzone1",
                "style": 3,
                "source": "cmm_conzone1"
            },
            {
                "mvl": 999,
                "lvl": 0,
                "type": 5,
                "name": "roadnumber",
                "style": 1000,
                "source": "RN"
            },
            {
                "mvl": 999,
                "lvl": 0,
                "type": 5,
                "name": "junction",
                "style": 1001,
                "source": "JCT"
            },
            {
                "mvl": 999,
                "lvl": 0,
                "type": 5,
                "name": "ic",
                "style": 1002,
                "source": "IC"
            }
        ],
        [
            {
                "mvl": 999,
                "lvl": 0,
                "type": 1,
                "name": "land",
                "style": 2,
                "source": "land"
            },
            {
                "mvl": 999,
                "lvl": 0,
                "type": 1,
                "name": "river",
                "style": 5,
                "source": "river"
            },
            {
                "mvl": 999,
                "lvl": 0,
                "type": 1,
                "name": "contour_100_200",
                "style": 6,
                "source": "contr"
            },
            {
                "mvl": 999,
                "lvl": 0,
                "type": 1,
                "name": "contour_300_400",
                "style": 7,
                "source": "contr"
            },
            {
                "mvl": 999,
                "lvl": 0,
                "type": 1,
                "name": "contour_500_over",
                "style": 8,
                "source": "contr"
            },
            {
                "mvl": 999,
                "lvl": 0,
                "type": 8,
                "name": "admin",
                "style": 4,
                "source": "SIDOL"
            },
            {
                "mvl": 999,
                "lvl": 0,
                "type": 16,
                "name": "road_conzone1",
                "style": 3,
                "source": "cmm_conzone"
            },
            {
                "mvl": 999,
                "lvl": 0,
                "type": 8,
                "name": "road_conzone1_line",
                "style": 5000,
                "source": "cmm_conzone_line"
            },
            {
                "mvl": 999,
                "lvl": 0,
                "type": 5,
                "name": "roadnumber",
                "style": 1000,
                "source": "RN"
            },
            {
                "mvl": 999,
                "lvl": 0,
                "type": 5,
                "name": "junction",
                "style": 1001,
                "source": "JCT"
            },
            {
                "mvl": 999,
                "lvl": 0,
                "type": 5,
                "name": "ic",
                "style": 1002,
                "source": "IC"
            }
        ]
    ],
    "tile_size": [
        1000,
        2000,
        16000,
        64000,
        256000
    ]
}