{
    "tile_size": [
        1000,
        2000,
        16000,
        64000,
        256000
    ],
    "level_scale": [
        10,
        1,
        1,
        1,
        0.1
    ],
    "layer_config": [
        [
            {
                "name": "sea",
                "source": "land",
                "lvl": 0,
                "style": 2,
                "mvl": 999,
                "type": 1
            },
            {
                "name": "admin",
                "source": "SIDOL",
                "lvl": 0,
                "style": 4,
                "mvl": 999,
                "type": 8
            },
            {
                "name": "road",
                "source": "cmm_vdszone1",
                "lvl": 0,
                "style": 3,
                "mvl": 999,
                "type": 16
            },
            {
                "name": "roadnumber",
                "source": "roadnumber1",
                "lvl": 0,
                "style": 1000,
                "mvl": 999,
                "type": 5
            },
            {
                "name": "junction",
                "source": "JCT",
                "lvl": 0,
                "style": 1001,
                "mvl": 999,
                "type": 5
            },
            {
                "name": "ic",
                "source": "IC",
                "lvl": 0,
                "style": 1002,
                "mvl": 999,
                "type": 5
            }
        ],
        [
            {
                "name": "land",
                "source": "land",
                "lvl": 0,
                "style": 2,
                "mvl": 999,
                "type": 1
            },
            {
                "name": "admin",
                "source": "SIDOL",
                "lvl": 0,
                "style": 4,
                "mvl": 999,
                "type": 8
            },
            {
                "name": "road",
                "source": "cmm_vdszone1",
                "lvl": 0,
                "style": 3,
                "mvl": 999,
                "type": 16
            },
            {
                "name": "roadnumber",
                "source": "roadnumber1",
                "lvl": 0,
                "style": 1000,
                "mvl": 999,
                "type": 5
            },
            {
                "name": "junction",
                "source": "JCT",
                "lvl": 0,
                "style": 1001,
                "mvl": 999,
                "type": 5
            },
            {
                "name": "ic",
                "source": "IC",
                "lvl": 0,
                "style": 1002,
                "mvl": 999,
                "type": 5
            }
        ],
        [
            {
                "name": "land",
                "source": "land",
                "lvl": 0,
                "style": 2,
                "mvl": 999,
                "type": 1
            },
            {
                "name": "river",
                "source": "river",
                "lvl": 0,
                "style": 5,
                "mvl": 999,
                "type": 1
            },
            {
                "name": "contour_100_200",
                "source": "contr",
                "lvl": 0,
                "style": 6,
                "mvl": 999,
                "type": 1
            },
            {
                "name": "contour_300_400",
                "source": "contr",
                "lvl": 0,
                "style": 7,
                "mvl": 999,
                "type": 1
            },
            {
                "name": "contour_500_over",
                "source": "contr",
                "lvl": 0,
                "style": 8,
                "mvl": 999,
                "type": 1
            },
            {
                "name": "admin",
                "source": "SIDOL",
                "lvl": 0,
                "style": 4,
                "mvl": 999,
                "type": 8
            },
            {
                "name": "bypass1",
                "source": "bypass1",
                "lvl": 0,
                "style": 3,
                "mvl": 999,
                "type": 16
            },
            {
                "name": "cmm_route1",
                "source": "cmm_route1",
                "lvl": 0,
                "style": 3,
                "mvl": 999,
                "type": 16
            },
            {
                "name": "road_vdszone1_내부",
                "source": "cmm_vdszone1",
                "lvl": 0,
                "style": 3,
                "mvl": 999,
                "type": 16
            },
            {
                "name": "road_vdszone1_외곽",
                "source": "cmm_vdszone1_35m",
                "lvl": 0,
                "style": 3,
                "mvl": 999,
                "type": 16
            },
            {
                "name": "roadnumber",
                "source": "roadnumber1",
                "lvl": 0,
                "style": 1000,
                "mvl": 999,
                "type": 5
            },
            {
                "name": "졸음쉼터",
                "source": "restarea_sample",
                "lvl": 0,
                "style": 1003,
                "mvl": 999,
                "type": 5
            },
            {
                "name": "junction",
                "source": "JCT",
                "lvl": 0,
                "style": 1001,
                "mvl": 999,
                "type": 5
            },
            {
                "name": "ic",
                "source": "IC",
                "lvl": 0,
                "style": 1002,
                "mvl": 999,
                "type": 5
            }
        ],
        [
            {
                "name": "land",
                "source": "land",
                "lvl": 0,
                "style": 2,
                "mvl": 999,
                "type": 1
            },
            {
                "name": "river",
                "source": "river",
                "lvl": 0,
                "style": 5,
                "mvl": 999,
                "type": 1
            },
            {
                "name": "contour_100_200",
                "source": "contr",
                "lvl": 0,
                "style": 6,
                "mvl": 999,
                "type": 1
            },
            {
                "name": "contour_300_400",
                "source": "contr",
                "lvl": 0,
                "style": 7,
                "mvl": 999,
                "type": 1
            },
            {
                "name": "contour_500_over",
                "source": "contr",
                "lvl": 0,
                "style": 8,
                "mvl": 999,
                "type": 1
            },
            {
                "name": "admin",
                "source": "SIDOL",
                "lvl": 0,
                "style": 4,
                "mvl": 999,
                "type": 8
            },
            {
                "name": "bypass1",
                "source": "bypass1",
                "lvl": 0,
                "style": 3,
                "mvl": 999,
                "type": 16
            },
            {
                "name": "cmm_route1",
                "source": "cmm_route1",
                "lvl": 0,
                "style": 3,
                "mvl": 999,
                "type": 16
            },
            {
                "name": "road_conzone1_내부",
                "source": "cmm_conzone1",
                "lvl": 0,
                "style": 3,
                "mvl": 999,
                "type": 16
            },
            {
                "name": "road_conzone1_외곽",
                "source": "cmm_conzone1_35m",
                "lvl": 0,
                "style": 3,
                "mvl": 999,
                "type": 16
            },
            {
                "name": "roadnumber",
                "source": "roadnumber1",
                "lvl": 0,
                "style": 1000,
                "mvl": 999,
                "type": 5
            },
            {
                "name": "junction",
                "source": "JCT",
                "lvl": 0,
                "style": 1001,
                "mvl": 999,
                "type": 5
            },
            {
                "name": "ic",
                "source": "IC",
                "lvl": 0,
                "style": 1002,
                "mvl": 999,
                "type": 5
            }
        ],
        [
            {
                "name": "land",
                "source": "land",
                "lvl": 0,
                "style": 2,
                "mvl": 999,
                "type": 1
            },
            {
                "name": "river",
                "source": "river",
                "lvl": 0,
                "style": 5,
                "mvl": 999,
                "type": 1
            },
            {
                "name": "contour_100_200",
                "source": "contr",
                "lvl": 0,
                "style": 6,
                "mvl": 999,
                "type": 1
            },
            {
                "name": "contour_300_400",
                "source": "contr",
                "lvl": 0,
                "style": 7,
                "mvl": 999,
                "type": 1
            },
            {
                "name": "contour_500_over",
                "source": "contr",
                "lvl": 0,
                "style": 8,
                "mvl": 999,
                "type": 1
            },
            {
                "name": "admin",
                "source": "SIDOL",
                "lvl": 0,
                "style": 4,
                "mvl": 999,
                "type": 8
            },
            {
                "name": "cmm_route1",
                "source": "cmm_route1",
                "lvl": 0,
                "style": 3,
                "mvl": 999,
                "type": 16
            },
            {
                "name": "road_conzone_내부",
                "source": "cmm_conzone",
                "lvl": 0,
                "style": 3,
                "mvl": 999,
                "type": 16
            },
            {
                "name": "road_conzone_외곽",
                "source": "cmm_conzone_70m",
                "lvl": 0,
                "style": 3,
                "mvl": 999,
                "type": 16
            },
            {
                "name": "roadnumber",
                "source": "roadnumber1",
                "lvl": 0,
                "style": 1000,
                "mvl": 999,
                "type": 5
            },
            {
                "name": "junction",
                "source": "JCT",
                "lvl": 0,
                "style": 1001,
                "mvl": 999,
                "type": 5
            },
            {
                "name": "ic",
                "source": "IC",
                "lvl": 0,
                "style": 1002,
                "mvl": 999,
                "type": 5
            }
        ]
    ],
    "level_count": 5
}