
[
	
	{
		"bg_color" : 
		[
			[ "000000ff", "000000ff" ],
			[ "000000ff", "000000ff" ],
			[ "000000ff", "000000ff" ],
			[ "000000ff", "000000ff" ],
			[ "000000ff", "000000ff" ]
		],
		"color" : 
		[
			[ "a0c0ffff", "ffffffff" ],
			[ "a0c0ffff", "ffffffff" ],
			[ "ffffffff", "ffffffff" ],
			[ "ffffffff", "ffffffff" ],
			[ "ffffffff", "ffffffff" ]
		],
		"comment" : "base",
		"flag" : 0,
		"id" : 1,
		"image" : 
		[
			[ 0, 0 ],
			[ 0, 0 ],
			[ 0, 0 ],
			[ 0, 0 ],
			[ 0, 0 ]
		],
		"line_style" : 0,
		"text size" : 1
	},
	
	{
		"bg_color" : 
		[
			[ "000000ff", "000000ff" ],
			[ "000000ff", "000000ff" ],
			[ "000000ff", "000000ff" ],
			[ "000000ff", "000000ff" ],
			[ "000000ff", "000000ff" ]
		],
		"color" : 
		[
			[ "ffffffff", "ffffffff" ],
			[ "000000ff", "000000ff" ],
			[ "000000ff", "000000ff" ],
			[ "000000ff", "000000ff" ],
			[ "000000ff", "000000ff" ]
		],
		"comment" : "land",
		"flag" : 0,
		"id" : 2,
		"image" : 
		[
			[ 0, 0 ],
			[ 0, 0 ],
			[ 0, 0 ],
			[ 0, 0 ],
			[ 0, 0 ]
		],
		"line_style" : 0,
		"text size" : 1
	},
	
	{
		"bg_color" : 
		[
			[ "000000ff", "000000ff" ],
			[ "000000ff", "000000ff" ],
			[ "000000ff", "000000ff" ],
			[ "000000ff", "000000ff" ],
			[ "000000ff", "000000ff" ]
		],
		"color" : 
		[
			[ "008000ff", "000000ff" ],
			[ "000000ff", "000000ff" ],
			[ "000000ff", "000000ff" ],
			[ "000000ff", "000000ff" ],
			[ "000000ff", "000000ff" ]
		],
		"comment" : "road",
		"flag" : 0,
		"id" : 3,
		"image" : 
		[
			[ 0, 27 ],
			[ 26, 27 ],
			[ 26, 27 ],
			[ 26, 27 ],
			[ 26, 27 ]
		],
		"line_style" : 0,
		"text size" : 1
	},
	
	{
		"bg_color" : 
		[
			[ "000000ff", "000000ff" ],
			[ "000000ff", "000000ff" ],
			[ "000000ff", "000000ff" ],
			[ "000000ff", "000000ff" ],
			[ "000000ff", "000000ff" ]
		],
		"color" : 
		[
			[ "a0a0a4ff", "000000ff" ],
			[ "000000ff", "000000ff" ],
			[ "000000ff", "000000ff" ],
			[ "000000ff", "000000ff" ],
			[ "000000ff", "000000ff" ]
		],
		"comment" : "admin bound",
		"flag" : 0,
		"id" : 4,
		"image" : 
		[
			[ 0, 0 ],
			[ 0, 0 ],
			[ 0, 0 ],
			[ 0, 0 ],
			[ 0, 0 ]
		],
		"line_style" : 100,
		"text size" : 1
	},
	
	{
		"bg_color" : 
		[
			[ "000000ff", "000000ff" ],
			[ "000000ff", "000000ff" ],
			[ "000000ff", "000000ff" ],
			[ "000000ff", "000000ff" ],
			[ "000000ff", "000000ff" ]
		],
		"color" : 
		[
			[ "ffffffff", "ffffffff" ],
			[ "000000ff", "000000ff" ],
			[ "000000ff", "000000ff" ],
			[ "000000ff", "000000ff" ],
			[ "000000ff", "000000ff" ]
		],
		"comment" : "도로번호",
		"flag" : 11,
		"id" : 1000,
		"image" : 
		[
			[ 1020, 0 ],
			[ 0, 0 ],
			[ 0, 0 ],
			[ 0, 0 ],
			[ 0, 0 ]
		],
		"line_style" : 0,
		"text size" : 1
	},
	
	{
		"bg_color" : 
		[
			[ "000000ff", "000000ff" ],
			[ "000000ff", "000000ff" ],
			[ "000000ff", "000000ff" ],
			[ "000000ff", "000000ff" ],
			[ "000000ff", "000000ff" ]
		],
		"color" : 
		[
			[ "003effff", "000000ff" ],
			[ "000000ff", "000000ff" ],
			[ "000000ff", "000000ff" ],
			[ "000000ff", "000000ff" ],
			[ "000000ff", "000000ff" ]
		],
		"comment" : "JC",
		"flag" : 75,
		"id" : 1001,
		"image" : 
		[
			[ 1034, 0 ],
			[ 0, 0 ],
			[ 0, 0 ],
			[ 0, 0 ],
			[ 0, 0 ]
		],
		"line_style" : 0,
		"text size" : 0.8999999761581421
	},
	
	{
		"bg_color" : 
		[
			[ "000000ff", "000000ff" ],
			[ "000000ff", "000000ff" ],
			[ "000000ff", "000000ff" ],
			[ "000000ff", "000000ff" ],
			[ "000000ff", "000000ff" ]
		],
		"color" : 
		[
			[ "000000ff", "000000ff" ],
			[ "000000ff", "000000ff" ],
			[ "000000ff", "000000ff" ],
			[ "000000ff", "000000ff" ],
			[ "000000ff", "000000ff" ]
		],
		"comment" : "IC",
		"flag" : 75,
		"id" : 1002,
		"image" : 
		[
			[ 1040, 0 ],
			[ 0, 0 ],
			[ 0, 0 ],
			[ 0, 0 ],
			[ 0, 0 ]
		],
		"line_style" : 0,
		"text size" : 0.8999999761581421
	}
]
