
{
	"textures" : 
	[
		
		{
			"format" : 4444,
			"id" : 1,
			"image" : "05.png"
		},
		
		{
			"format" : 4444,
			"id" : 2,
			"image" : "pin.png"
		},
		
		{
			"format" : 4444,
			"id" : 3,
			"image" : "balloon_pointer.png"
		},
		
		{
			"format" : 4444,
			"id" : 4,
			"image" : "white.png"
		},
		
		{
			"format" : 8888,
			"id" : 11,
			"image" : "ball.png"
		},
		
		{
			"format" : 4444,
			"id" : 12,
			"image" : "ball_outline.png"
		},
		
		{
			"format" : 4444,
			"id" : 13,
			"image" : "ball_white_small.png"
		},
		
		{
			"format" : 4444,
			"id" : 14,
			"image" : "ball_white.png"
		},
		
		{
			"format" : 4444,
			"id" : 16,
			"image" : "dash.png"
		},
		
		{
			"format" : 8888,
			"id" : 202,
			"image" : "RG3.png"
		},
		
		{
			"format" : 8888,
			"id" : 203,
			"image" : "RG2.png"
		},
		
		{
			"format" : 8888,
			"id" : 204,
			"image" : "RG1.png"
		},
		
		{
			"format" : 4444,
			"id" : 1020,
			"image" : "road_mark01.png"
		},
		
		{
			"format" : 4444,
			"id" : 1034,
			"image" : "ic_jc.png"
		},
		
		{
			"format" : 4444,
			"id" : 1040,
			"image" : "ic_ic.png"
		},
		
		{
			"format" : 4444,
			"id" : 1021,
			"image" : "parkingarea.png"
		}
	],
	"version" : 1
}
